Link Name,Center of Mass X,Center of Mass Y,Center of Mass Z,Center of Mass Roll,Center of Mass Pitch,Center of Mass Yaw,Mass,Moment Ixx,Moment Ixy,Moment Ixz,Moment Iyy,Moment Iyz,Moment Izz,Visual X,Visual Y,Visual Z,Visual Roll,Visual Pitch,Visual Yaw,Mesh Filename,Color Red,Color Green,Color Blue,Color Alpha,Collision X,Collision Y,Collision Z,Collision Roll,Collision Pitch,Collision Yaw,Collision Mesh Filename,Material Name,SW Components,Coordinate System,Axis Name,Joint Name,Joint Type,Joint Origin X,Joint Origin Y,Joint Origin Z,Joint Origin Roll,Joint Origin Pitch,Joint Origin Yaw,Parent,Joint Axis X,Joint Axis Y,Joint Axis Z,Limit Effort,Limit Velocity,Limit Lower,Limit Upper,Calibration rising,Calibration falling,Dynamics Damping,Dynamics Friction,Safety Soft Upper,Safety Soft Lower,Safety K Position,Safety K Velocity
base_link,-0.0073765,-0.018855,-0.0045877,0,0,0,0.31504,0.00037618,-8.9921E-06,-1.7042E-05,0.00022813,8.8972E-06,0.00029441,0,0,0,0,0,0,../meshes/base_link.STL,0.69804,0.69804,0.69804,1,0,0,0,0,0,0,../meshes/base_link.STL,,00_STARK3NRSP_ID_UPGRADE__SK_20-00_STARK3NRSP_ID_UPGRADE__SK_20-1;00_STARK3NRSP_ID_UPGRADE__SKE_1-1,right_thumbcmp_roll_link,right_thumbcmp_roll_joint,right_thumbcmp_roll_joint,revolute,-0.001807,-0.016804,-0.045783,0,0,0,base_link,-1,0,0,0,0,0,1.92,,,,,,,,
right_midmcp_yaw_link,-0.00047133,8.9223E-05,0.0051138,0,0,0,0.0083562,6.4044E-07,-1.5948E-09,-3.5886E-08,6.6085E-07,-4.656E-11,5.8732E-07,0,0,0,0,0,0,../meshes/right_midmcp_yaw_link.STL,0.69804,0.69804,0.69804,1,0,0,0,0,0,0,../meshes/right_midmcp_yaw_link.STL,,00_STARK3NRSP_ID_UPGRADE__SKE_2-3,right_midmcp_yaw_link,right_midmcp_yaw_joint,right_midmcp_yaw_joint,revolute,-0.0099389,-0.0070042,0.055899,0,0,0,base_link,1,0,0,0,0,-0.26,0.44,,,,,,,,
right_midmcp_roll_link,-0.00023723243761871,0.000468061627042335,0.0226762072269691,0,0,0,0.0609645995057895,1.67149062673257E-05,2.01843335402192E-09,2.73404010120217E-07,1.68976118651908E-05,2.69036435403187E-07,3.4895974257179E-06,0,0,0,0,0,0,../meshes/right_midmcp_roll_link.STL,0.698039215686274,0.698039215686274,0.698039215686274,1,0,0,0,0,0,0,../meshes/right_midmcp_roll_link.STL,,00_STARK3NRSP_ID_UPGRADE__SK_16-3,right_midmcp_roll_link,right_midmcp_roll_joint,right_midmcp_roll_joint,revolute,0.001875,0.00029123,0.016,0,0,0,right_midmcp_yaw_link,0,1,0,0,0,-0.05,1.57,,,,,,,,
right_midpip_roll_link,7.86149042585277E-05,0.000320325913068679,0.0184594339624268,0,0,0,0.0325859005457696,3.9662495117973E-06,8.84746124754024E-09,2.32990195775164E-07,3.75897103569866E-06,6.95777168822048E-08,1.77777196485041E-06,0,0,0,0,0,0,../meshes/right_midpip_roll_link.STL,0.698039215686274,0.698039215686274,0.698039215686274,1,0,0,0,0,0,0,../meshes/right_midpip_roll_link.STL,,00_STARK3NRSP_ID_UPGRADE__SKE_4-3,right_midpip_roll_link,right_midpip_roll_joint,right_midpip_roll_joint,revolute,0.00083832,0.00094455,0.046991,0,0,0,right_midmcp_roll_link,0,1,0,0,0,-0.21,1.57,,,,,,,,
right_middip_roll_link,-0.000507470630418672,0.000241602477261347,0.0142712494210926,0,0,0,0.00833411833491475,7.74689636204186E-07,1.63963132410544E-09,-2.51065856742985E-08,6.15326083564421E-07,1.01480927263128E-08,4.46418153779527E-07,0,0,0,0,0,0,../meshes/right_middip_roll_link.STL,0.698039215686274,0.698039215686274,0.698039215686274,1,0,0,0,0,0,0,../meshes/right_middip_roll_link.STL,,00_STARK3NRSP_ID_UPGRADE__SKE_3-3,right_middip_roll_link,right_middip_roll_joint,right_middip_roll_joint,revolute,0.0013915,0.00057612,0.029485,0,0,0,right_midpip_roll_link,0,1,0,0,0,-0.35,1.57,,,,,,,,
right_middip_roll_rubber_link,0.00524362601529016,0.000915857361912017,0.0496938696499993,0,0,0,0.00185169919364403,1.04011017755374E-07,7.43451691780492E-10,-1.06900274146333E-08,5.34512834728787E-08,-4.49214550100831E-10,8.50744950555884E-08,0,0,0,0,0,0,../meshes/right_middip_roll_rubber_link.STL,0.698039215686274,0.698039215686274,0.698039215686274,1,0,0,0,0,0,0,../meshes/right_middip_roll_rubber_link.STL,,00_STARK3NRSP_ID_UPGRADE__SKE_3-rubber-3,right_midpip_roll_link,right_middip_roll_joint,right_middip_roll_rubber_joint,fixed,-0.00139151820394552,-0.000576118195242635,-0.0294848218597647,0,0,0,right_middip_roll_link,0,0,0,,,,,,,,,,,,
right_midpip_roll_touch_link,0.00444810865618336,0.000249704657842392,0.0162052014512474,0,0,0,0.000509113074780121,4.83715458134311E-08,5.19250824814656E-10,5.98749532747539E-09,2.84870932844071E-08,-4.81640702386459E-10,4.63559996892396E-08,0,0,0,0,0,0,../meshes/right_midpip_roll_touch_link.STL,0.698039215686274,0.698039215686274,0.698039215686274,1,0,0,0,0,0,0,../meshes/right_midpip_roll_touch_link.STL,,00_STARK3NRSP_ID_UPGRADE__SKE_4 - touch2-3,right_midpip_roll_link,right_midpip_roll_joint,right_midpip_roll_touch_joint,fixed,0,0,0,0,0,0,right_midpip_roll_link,0,0,0,,,,,,,,,,,,
right_midpip_roll_rubber_link,0.00444810865618337,0.000249704657842392,0.0162052014512474,0,0,0,0.000509113074780121,4.83715458134311E-08,5.19250824814654E-10,5.98749532747539E-09,2.84870932844071E-08,-4.8164070238646E-10,4.63559996892396E-08,0,0,0,0,0,0,../meshes/right_midpip_roll_rubber_link.STL,0.698039215686274,0.698039215686274,0.698039215686274,1,0,0,0,0,0,0,../meshes/right_midpip_roll_rubber_link.STL,,00_STARK3NRSP_ID_UPGRADE__SKE_4 - touch2-3,right_midpip_roll_link,right_midpip_roll_joint,right_midpip_roll_rubber_joint,fixed,0,0,0,0,0,0,right_midpip_roll_link,0,0,0,,,,,,,,,,,,
right_midmcp_roll_touch_link,0.00465130911717403,0.000436182582462037,0.0255802117848007,0,0,0,0.000906407083912489,1.43292976685055E-07,8.32338183815665E-10,6.33830843461928E-09,1.06949039430379E-07,1.9981624666422E-10,9.22634217270494E-08,0,0,0,0,0,0,../meshes/right_midmcp_roll_touch_link.STL,0.698039215686274,0.698039215686274,0.698039215686274,1,0,0,0,0,0,0,../meshes/right_midmcp_roll_touch_link.STL,,00_STARK3NRSP_ID_UPGRADE__SK_16 - touch2-3,right_midmcp_roll_link,right_midmcp_roll_joint,right_midmcp_roll_touch_joint,fixed,0,0,0,0,0,0,right_midmcp_roll_link,0,0,0,,,,,,,,,,,,
right_midmcp_roll_rubber_link,0.00465130911717403,0.000436182582462035,0.0255802117848007,0,0,0,0.000906407083912489,1.43292976685054E-07,8.32338183815667E-10,6.33830843461929E-09,1.06949039430379E-07,1.998162466642E-10,9.22634217270493E-08,0,0,0,0,0,0,../meshes/right_midmcp_roll_rubber_link.STL,0.698039215686274,0.698039215686274,0.698039215686274,1,0,0,0,0,0,0,../meshes/right_midmcp_roll_rubber_link.STL,,00_STARK3NRSP_ID_UPGRADE__SK_16 - touch2-3,right_midmcp_roll_link,right_midmcp_roll_joint,right_midmcp_roll_rubber_joint,fixed,0,0,0,0,0,0,right_midmcp_roll_link,0,0,0,,,,,,,,,,,,
right_thumbcmp_roll_link,-8.54379381088049E-06,-0.0001927651406229,0.000445980545263444,0,0,0,0.0160024784918781,9.74083795223521E-07,-1.4962617072713E-09,9.91767846536495E-11,1.05610702170484E-06,-5.06076808482813E-09,8.20683351269054E-07,0,0,0,0,0,0,../meshes/right_thumbcmp_roll_link.STL,0.698039215686274,0.698039215686274,0.698039215686274,1,0,0,0,0,0,0,../meshes/right_thumbcmp_roll_link.STL,,00_STARK3NRSP_ID_UPGRADE__SK_20-曲面-缝合1-1,right_thumbcmp_roll_link,right_thumbcmp_roll_joint,right_thumbcmp_roll_joint,revolute,0,0,0,0,0,0,base_link,0,0,-1,0,0,0,1.92,,,,,,,,
right_thumbcmr_roll_link,0.00125263071793297,0.00616514197000825,-1.2571450488507E-07,0,0,0,0.0088065406435597,7.09583411719311E-07,1.5570297588171E-08,-1.62557107294514E-12,7.18456240769153E-07,-1.46203830251076E-11,4.23178503775307E-07,0,0,0,0,0,0,../meshes/right_thumbcmr_roll_link.STL,0.898039215686275,0.917647058823529,0.929411764705882,1,0,0,0,0,0,0,../meshes/right_thumbcmr_roll_link.STL,,00_STARK3NRSP_ID_UPGRADE__SK_20-00_STARK3NRSP_ID_UPGRADE__SK_201-2,right_thumbcmr_roll_link,right_thumbcmr_roll_joint,right_thumbcmr_roll_joint,revolute,0,0.0094641,-3.508E-05,0,1.5708,0,right_thumbcmp_roll_link,0,1,0,0,0,-0.44,1.4,,,,,,,,
right_thumbmcp_roll_link,0.0024320638700562,0.0225903591911198,1.27003364821018E-05,0,0,0,0.0725663530048143,1.53712922039891E-05,8.94082411852516E-07,-1.26586599400697E-09,6.98403787775475E-06,1.73542537605888E-08,1.58505799611156E-05,0,0,0,0,0,0,../meshes/right_thumbmcp_roll_link.STL,0.898039215686275,0.917647058823529,0.929411764705882,1,0,0,0,0,0,0,../meshes/right_thumbmcp_roll_link.STL,,00_STARK3NRSP_ID_UPGRADE__SKE_6-1,right_thumbmcp_roll_link,right_thumbmcp_roll_joint,right_thumbmcp_roll_joint,revolute,0,0.012,0,0,0,0,right_thumbcmr_roll_link,0,0,1,0,0,0,1.31,,,,,,,,
right_thumbpip_roll_link,0.00118085739560778,0.0194553076245299,4.44183277394615E-08,0,0,0,0.0421941689022397,5.90114025150445E-06,-4.82812308338675E-08,5.89951051897017E-11,2.77551443471786E-06,6.79150640409583E-11,5.37817063805466E-06,0,0,0,0,0,0,../meshes/right_thumbpip_roll_link.STL,0.698039215686274,0.698039215686274,0.698039215686274,1,0,0,0,0,0,0,../meshes/right_thumbpip_roll_link.STL,,00_STARK3NRSP_ID_UPGRADE__SK_21-1,right_thumbpip_roll_link,right_thumbpip_roll_joint,right_thumbpip_roll_joint,revolute,0.0013667,0.042587,0,0,0,0,right_thumbmcp_roll_link,0,0,1,0,0,-0.17,1.57,,,,,,,,
right_thumbdip_roll_link,0.000549762790440146,0.0155406081489602,-0.000294042958134178,0,0,0,0.0112430020039432,1.32463299658441E-06,-1.19798074425196E-08,-2.3532051331424E-10,7.020896252899E-07,1.97154129494166E-08,1.07767904653565E-06,0,0,0,0,0,0,../meshes/right_thumbdip_roll_link.STL,0.698039215686274,0.698039215686274,0.698039215686274,1,0,0,0,0,0,0,../meshes/right_thumbdip_roll_link.STL,,00_STARK3NRSP_ID_UPGRADE__SKE_5-1,right_thumbdip_roll_link,right_thumbdip_roll_joint,right_thumbdip_roll_joint,revolute,0.00052077,0.032,0.00022606,0,0,0,right_thumbpip_roll_link,0,0,1,0,0,-0.17,1.8,,,,,,,,
right_thumbdip_roll_rubber_link,-0.00482242254414415,0.0234746184233177,-0.000225504397086493,0,0,0,0.00191592771890362,1.27513074362513E-07,1.01512368659842E-08,-1.96882167043771E-12,9.84187039735756E-08,3.13430583976278E-12,6.29893147117976E-08,0,0,0,0,0,0,../meshes/right_thumbdip_roll_rubber_link.STL,0.698039215686274,0.698039215686274,0.698039215686274,1,0,0,0,0,0,0,../meshes/right_thumbdip_roll_rubber_link.STL,,00_STARK3NRSP_ID_UPGRADE__SKE_5-thumb-rubber-1,right_thumbdip_roll_link,right_thumbdip_roll_joint,right_thumbdip_roll_rubber_joint,fixed,0,0,0,0,0,0,right_thumbdip_roll_link,0,0,0,,,,,,,,,,,,
right_thumbpip_roll_touch_link,-0.00370407617005715,0.0167138894235628,-1.84393001582974E-05,0,0,0,0.000431172466649059,4.48867286186374E-08,-1.293878226805E-09,8.92345891037769E-12,5.05411238817749E-08,-6.0927293896236E-12,1.77482380036259E-08,0,0,0,0,0,0,../meshes/right_thumbpip_roll_touch_link.STL,0.698039215686274,0.698039215686274,0.698039215686274,1,0,0,0,0,0,0,../meshes/right_thumbpip_roll_touch_link.STL,,00_STARK3NRSP_ID_UPGRADE__SK_21 - touch-1,right_thumbpip_roll_link,right_thumbpip_roll_joint,right_thumbpip_roll_touch_joint,fixed,0,0,0,0,0,0,right_thumbpip_roll_link,0,0,0,,,,,,,,,,,,
right_thumbpip_roll_rubber_link,-0.00415632262214462,0.0178612867993672,-2.52658444713488E-06,0,0,0,0.00135314073205202,1.52769947813374E-07,-9.62888689513436E-09,-5.80583832027243E-12,1.56578848182599E-07,-5.32895165489321E-12,7.35429440280116E-08,0,0,0,0,0,0,../meshes/right_thumbpip_roll_rubber_link.STL,0.698039215686274,0.698039215686274,0.698039215686274,1,0,0,0,0,0,0,../meshes/right_thumbpip_roll_rubber_link.STL,,00_STARK3NRSP_ID_UPGRADE__SK_21 - rubber-1,right_thumbpip_roll_link,right_thumbpip_roll_joint,right_thumbpip_roll_rubber_joint,fixed,0,0,0,0,0,0,right_thumbpip_roll_link,0,0,0,,,,,,,,,,,,
right_thumbmcp_roll_touch_link,-0.00184020328083511,0.0258989891311582,2.76826250775867E-05,0,0,0,0.000956159570317791,2.0903879176724E-07,1.56753502243941E-08,3.57005665467313E-10,1.83096743802031E-07,-2.82029700941712E-10,1.34260911617033E-07,0,0,0,0,0,0,../meshes/right_thumbmcp_roll_touch_link.STL,0.996078431372549,1,0.498039215686275,1,0,0,0,0,0,0,../meshes/right_thumbmcp_roll_touch_link.STL,,00_STARK3NRSP_ID_UPGRADE__SKE_6 - TOUCH2-1,right_thumbmcp_roll_link,right_thumbmcp_roll_joint,right_thumbmcp_roll_touch_joint,fixed,0,0,0,0,0,0,right_thumbmcp_roll_link,0,0,0,,,,,,,,,,,,
right_thumbmcp_roll_rubber_link,-0.00203251542425809,0.0254905903635464,2.31201818712331E-05,0,0,0,0.00239149771911213,5.26293834120249E-07,3.75760959983832E-08,1.83594709639612E-10,4.79667381629512E-07,9.69829772227333E-10,3.33950687112633E-07,0,0,0,0,0,0,../meshes/right_thumbmcp_roll_rubber_link.STL,0.898039215686275,0.917647058823529,0.929411764705882,1,0,0,0,0,0,0,../meshes/right_thumbmcp_roll_rubber_link.STL,,00_STARK3NRSP_ID_UPGRADE__SKE_6 - RUBBER-1,right_thumbmcp_roll_link,right_thumbmcp_roll_joint,right_thumbmcp_roll_rubber_joint,fixed,0,0,0,0,0,0,right_thumbmcp_roll_link,0,0,0,,,,,,,,,,,,
right_indexmcp_yaw_link,-0.000476124593597075,0.000316664867505367,0.00510431459552942,0,0,0,0.00835624740207778,6.40475573492212E-07,-3.84030854093208E-09,-3.58231858978014E-08,6.60467124543955E-07,4.31223122064571E-09,5.87672382127314E-07,0,0,0,0,0,0,../meshes/right_indexmcp_yaw_link.STL,0.698039215686274,0.698039215686274,0.698039215686274,1,0,0,0,0,0,0,../meshes/right_indexmcp_yaw_link.STL,,00_STARK3NRSP_ID_UPGRADE__SKE_2-2,right_indexmcp_yaw_link,right_indexmcp_yaw_joint,right_indexmcp_yaw_joint,revolute,-0.0092915,0.017441,0.045783,0,0,0,base_link,1,0,0,0,0,-0.26,0.52,,,,,,,,
right_indexmcp_roll_link,-0.000257162037554348,0.00140609417511918,0.0226372658615418,0,0,0,0.060964771715615,1.67160474263517E-05,5.34725748036918E-09,2.61323123874188E-07,1.68538943243549E-05,8.06868383641557E-07,3.53241321488377E-06,0,0,0,0,0,0,../meshes/right_indexmcp_roll_link.STL,0.698039215686274,0.698039215686274,0.698039215686274,1,0,0,0,0,0,0,../meshes/right_indexmcp_roll_link.STL,,00_STARK3NRSP_ID_UPGRADE__SK_16-2,right_indexmcp_roll_link,right_indexmcp_roll_joint,right_indexmcp_roll_joint,revolute,0.001858,0.00087557,0.015981,0,0,0,right_indexmcp_yaw_link,0,1,0,0,0,-0.09,1.57,,,,,,,,
right_indexpip_roll_link,5.99021559448626E-05,0.00107370236498467,0.0184310485842269,0,0,0,0.0325859572865325,3.96606554010682E-06,2.60989069299779E-08,2.30938572776059E-07,3.7516485645189E-06,1.41714341264892E-07,1.78529709715029E-06,0,0,0,0,0,0,../meshes/right_indexpip_roll_link.STL,0.698039215686274,0.698039215686274,0.698039215686274,1,0,0,0,0,0,0,../meshes/right_indexpip_roll_link.STL,,00_STARK3NRSP_ID_UPGRADE__SKE_4-2,right_indexpip_roll_link,right_indexpip_roll_joint,right_indexpip_roll_joint,revolute,0.0007951,0.0028379,0.046916,0,0,0,right_indexmcp_roll_link,0,1,0,0,0,-0.21,1.57,,,,,,,,
right_indexdip_roll_link,-0.000521699379349449,0.000845673627579882,0.0142474750376713,0,0,0,0.00833403038074764,7.74246802105929E-07,6.63702398438757E-09,-2.5546275345732E-08,6.14490270723782E-07,1.80074848729142E-08,4.47695200774045E-07,0,0,0,0,0,0,../meshes/right_indexdip_roll_link.STL,0.698039215686274,0.698039215686274,0.698039215686274,1,0,0,0,0,0,0,../meshes/right_indexdip_roll_link.STL,,00_STARK3NRSP_ID_UPGRADE__SKE_3-2,right_indexdip_roll_link,right_indexdip_roll_joint,right_indexdip_roll_joint,revolute,0.0013631,0.0017313,0.029441,0,0,0,right_indexpip_roll_link,0,1,0,0,0,-0.35,1.57,,,,,,,,
right_indexdip_roll_rubber_link,0.00382888944763223,0.00102172332880907,0.0201897352896061,0,0,0,0.00185165319112894,1.03841182576847E-07,2.22126531886283E-09,-1.0833147275458E-08,5.36393952510851E-08,-1.32530101258313E-09,8.50544806423887E-08,0,0,0,0,0,0,../meshes/right_indexdip_roll_rubber_link.STL,0.698039215686274,0.698039215686274,0.698039215686274,1,0,0,0,0,0,0,../meshes/right_indexdip_roll_rubber_link.STL,,00_STARK3NRSP_ID_UPGRADE__SKE_3-rubber-2,right_indexdip_roll_link,right_indexdip_roll_joint,right_indexdip_roll_rubber_joint,fixed,0,0,0,0,0,0,right_indexdip_roll_link,0,0,0,,,,,,,,,,,,
right_indexpip_roll_touch_link,0.00442736616918173,0.000744809628192199,0.0161957440869865,0,0,0,0.000509122231523883,4.83234821778575E-08,1.51905080729425E-09,5.90430787025901E-09,2.86433132994794E-08,-1.43321026291322E-09,4.62485119180474E-08,0,0,0,0,0,0,../meshes/right_indexpip_roll_touch_link.STL,0.698039215686274,0.698039215686274,0.698039215686274,1,0,0,0,0,0,0,../meshes/right_indexpip_roll_touch_link.STL,,00_STARK3NRSP_ID_UPGRADE__SKE_4 - touch2-2,right_indexpip_roll_link,right_indexdip_roll_joint,right_indexpip_roll_touch_joint,fixed,0,0,0,0,0,0,right_indexpip_roll_link,0,0,0,,,,,,,,,,,,
right_indexpip_roll_rubber_link,0.00445632710021685,0.000700890908258672,0.0155021094941266,0,0,0,0.00120431722404887,1.15566636043808E-07,3.83347246104263E-09,1.11016323760364E-08,6.14167264426388E-08,-4.20909698345677E-09,1.19118173701086E-07,0,0,0,0,0,0,../meshes/right_indexpip_roll_rubber_link.STL,0.698039215686274,0.698039215686274,0.698039215686274,1,0,0,0,0,0,0,../meshes/right_indexpip_roll_rubber_link.STL,,00_STARK3NRSP_ID_UPGRADE__SKE_4 -rubber-2,right_indexpip_roll_link,right_indexpip_roll_joint,right_indexpip_roll_rubber_joint,fixed,0,0,0,0,0,0,right_indexpip_roll_link,0,0,0,,,,,,,,,,,,
right_indexmcp_roll_touch_link,0.00462178704174852,0.00130761790644478,0.0255559768395535,0,0,0,0.0009064196250911,1.43198803222654E-07,2.468905298226E-09,6.15934479855554E-09,1.07043212766979E-07,5.69890105298895E-10,9.22639111638593E-08,0,0,0,0,0,0,../meshes/right_indexmcp_roll_touch_link.STL,0.698039215686274,0.698039215686274,0.698039215686274,1,0,0,0,0,0,0,../meshes/right_indexmcp_roll_touch_link.STL,,00_STARK3NRSP_ID_UPGRADE__SK_16 - touch2-2,right_indexmcp_roll_link,right_indexmcp_roll_joint,right_indexmcp_roll_touch_joint,fixed,0,0,0,0,0,0,right_indexmcp_roll_link,0,0,0,,,,,,,,,,,,
right_indexmcp_roll_rubber_link,0.00474300800847575,0.00126267547600403,0.0249340646280703,0,0,0,0.00218895740620251,3.32832007848155E-07,6.27038799285515E-09,9.73883050057324E-09,2.34736899654261E-07,-8.71298644809543E-10,2.39757561855718E-07,0,0,0,0,0,0,../meshes/right_indexmcp_roll_rubber_link.STL,0.698039215686274,0.698039215686274,0.698039215686274,1,0,0,0,0,0,0,../meshes/right_indexmcp_roll_rubber_link.STL,,00_STARK3NRSP_ID_UPGRADE__SK_16 - rubber-2,right_indexmcp_roll_link,right_indexmcp_roll_joint,right_indexmcp_roll_rubber_joint,fixed,0,0,0,0,0,0,right_indexmcp_roll_link,0,0,0,,,,,,,,,,,,
right_ringmcp_yaw_link,-0.000478987128450747,-0.000137968059064745,0.00511201063184355,0,0,0,0.00835621658013146,6.40285631306437E-07,6.58760103318253E-10,-3.59083755917222E-08,6.60701183310526E-07,-4.418361221171E-09,5.87624346146491E-07,0,0,0,0,0,0,../meshes/right_ringmcp_yaw_link.STL,0.698039215686274,0.698039215686274,0.698039215686274,1,0,0,0,0,0,0,../meshes/right_ringmcp_yaw_link.STL,,00_STARK3NRSP_ID_UPGRADE__SKE_2-4,right_ringmcp_yaw_link,right_ringmcp_yaw_joint,right_ringmcp_yaw_joint,revolute,-0.010086,-0.031987,0.051808,0,0,0,base_link,1,0,0,0,0,-0.26,0.35,,,,,,,,
right_ringmcp_roll_link,-0.000275330294858502,-0.000468777803912726,0.022675754624842,0,0,0,0.0609647338658372,1.67158011715616E-05,-1.53688211403928E-09,2.51187005415386E-07,1.68976102412782E-05,-2.69332943200779E-07,3.48874099780216E-06,0,0,0,0,0,0,../meshes/right_ringmcp_roll_link.STL,0.698039215686274,0.698039215686274,0.698039215686274,1,0,0,0,0,0,0,../meshes/right_ringmcp_roll_link.STL,,00_STARK3NRSP_ID_UPGRADE__SK_16-4,right_ringmcp_roll_link,right_ringmcp_roll_joint,right_ringmcp_roll_joint,revolute,0.0018481,-0.00029181,0.016003,0,0,0,right_ringmcp_yaw_link,0,1,0,0,0,-0.21,1.57,,,,,,,,
right_ringpip_roll_link,4.95890395004915E-05,-0.000431893156427632,0.0184572168552546,0,0,0,0.0325865016818775,3.96700286772559E-06,-8.48804171341539E-09,2.28049486019543E-07,3.76170037570931E-06,-2.75472689388184E-09,1.7743082198523E-06,0,0,0,0,0,0,../meshes/right_ringpip_roll_link.STL,0.698039215686274,0.698039215686274,0.698039215686274,1,0,0,0,0,0,0,../meshes/right_ringpip_roll_link.STL,,00_STARK3NRSP_ID_UPGRADE__SKE_4-4,right_ringpip_roll_link,right_ringpip_roll_joint,right_ringpip_roll_joint,revolute,0.00075939,-0.00094608,0.046993,0,0,0,right_ringmcp_roll_link,0,1,0,0,0,-0.35,1.57,,,,,,,,
right_ringdip_roll_link,-0.000529165659232123,-0.000361574561510286,0.0142679171114654,0,0,0,0.00833410411095075,7.74533195281826E-07,-3.40222810006309E-09,-2.5931153610748E-08,6.15899302669409E-07,2.24371493133849E-09,4.45996192509882E-07,0,0,0,0,0,0,../meshes/right_ringdip_roll_link.STL,0.698039215686274,0.698039215686274,0.698039215686274,1,0,0,0,0,0,0,../meshes/right_ringdip_roll_link.STL,,00_STARK3NRSP_ID_UPGRADE__SKE_3-4,right_ringdip_roll_link,right_ringdip_roll_joint,right_ringdip_roll_joint,revolute,0.001342,-0.00057711,0.029487,0,0,0,right_ringpip_roll_link,0,1,0,0,0,-0.35,1.57,,,,,,,,
right_ringdip_roll_rubber_link,0.00381812457716583,-0.000339961945775525,0.0202155263460264,0,0,0,0.00185168773022244,1.03974385047485E-07,-7.50826233749044E-10,-1.0721713340008E-08,5.3451332312543E-08,4.36199144262463E-10,8.51098509825701E-08,0,0,0,0,0,0,../meshes/right_ringdip_roll_rubber_link.STL,0.698039215686274,0.698039215686274,0.698039215686274,1,0,0,0,0,0,0,../meshes/right_ringdip_roll_rubber_link.STL,,00_STARK3NRSP_ID_UPGRADE__SKE_3-rubber-4,right_ringdip_roll_link,right_ringdip_roll_joint,right_ringdip_roll_rubber_joint,fixed,0,0,0,0,0,0,right_ringdip_roll_link,0,0,0,,,,,,,,,,,,
right_ringpip_roll_touch_link,0.00442063612536698,-0.000243512105245676,0.0162127532249126,0,0,0,0.000509099588629019,4.83924555662415E-08,-4.8657606457012E-10,5.98474277951177E-09,2.84857129942979E-08,4.77944524435304E-10,4.63356400356484E-08,0,0,0,0,0,0,../meshes/right_ringpip_roll_touch_link.STL,0.698039215686274,0.698039215686274,0.698039215686274,1,0,0,0,0,0,0,../meshes/right_ringpip_roll_touch_link.STL,,00_STARK3NRSP_ID_UPGRADE__SKE_4 - touch2-4,right_ringpip_roll_link,right_ringpip_roll_joint,right_ringpip_roll_touch_joint,fixed,0,0,0,0,0,0,right_ringpip_roll_link,0,0,0,,,,,,,,,,,,
right_ringpip_roll_tubber_link,0.0044502210794196,-0.000228312396404261,0.0155179476522504,0,0,0,0.00120429240182553,1.15745695213218E-07,-1.26200255533966E-09,1.13113017055776E-08,6.09896407114873E-08,1.41473463638251E-09,1.19364543614635E-07,0,0,0,0,0,0,../meshes/right_ringpip_roll_tubber_link.STL,0.698039215686274,0.698039215686274,0.698039215686274,1,0,0,0,0,0,0,../meshes/right_ringpip_roll_tubber_link.STL,,00_STARK3NRSP_ID_UPGRADE__SKE_4 -rubber-4,right_ringpip_roll_link,right_ringpip_roll_joint,right_ringpip_roll_tubber_joint,fixed,0,0,0,0,0,0,right_ringpip_roll_link,0,0,0,,,,,,,,,,,,
right_ringmcp_roll_touch_link,0.00460827748713923,-0.000432995845485357,0.025588088748143,0,0,0,0.00090640707360667,1.433147046952E-07,-8.13252004024449E-10,6.25229191029816E-09,1.06950277748492E-07,-1.59889617966052E-10,9.22403820949753E-08,0,0,0,0,0,0,../meshes/right_ringmcp_roll_touch_link.STL,0.698039215686274,0.698039215686274,0.698039215686274,1,0,0,0,0,0,0,../meshes/right_ringmcp_roll_touch_link.STL,,00_STARK3NRSP_ID_UPGRADE__SK_16 - touch2-4,right_ringmcp_roll_link,right_ringmcp_roll_joint,right_ringmcp_roll_touch_joint,fixed,0,0,0,0,0,0,right_ringmcp_roll_link,0,0,0,,,,,,,,,,,,
right_ringmcp_roll_rubber_link,0.00473014851230656,-0.000417631527597245,0.0249650116185754,0,0,0,0.00218894801209722,3.3313701627845E-07,-2.07454035674009E-09,1.00055366256467E-08,2.34371841789672E-07,3.24511560042536E-10,2.39817323449343E-07,0,0,0,0,0,0,../meshes/right_ringmcp_roll_rubber_link.STL,0.698039215686274,0.698039215686274,0.698039215686274,1,0,0,0,0,0,0,../meshes/right_ringmcp_roll_rubber_link.STL,,00_STARK3NRSP_ID_UPGRADE__SK_16 - rubber-4,right_ringmcp_roll_link,right_ringmcp_roll_joint,right_ringmcp_roll_rubber_joint,fixed,0,0,0,0,0,0,right_ringmcp_roll_link,0,0,0,,,,,,,,,,,,
right_pinkymcp_yaw_link,-0.0004887878843493,-0.000365891215270184,0.00509983586637219,0,0,0,0.00835622133853303,6.40149828702421E-07,2.92284941800176E-09,-3.57827623583827E-08,6.60024845708886E-07,-8.74502095246088E-09,5.88437180979387E-07,0,0,0,0,0,0,../meshes/right_pinkymcp_yaw_link.STL,0.698039215686274,0.698039215686274,0.698039215686274,1,0,0,0,0,0,0,../meshes/right_pinkymcp_yaw_link.STL,,00_STARK3NRSP_ID_UPGRADE__SKE_2-5,right_pinkymcp_yaw_link,right_pinkymcp_yaw_joint,right_pinkymcp_yaw_joint,revolute,-0.0090211,-0.056048,0.038488,0,0,0,base_link,1,0,0,0,0,-0.26,0.17,,,,,,,,
right_pinkymcp_roll_link,-0.000325618006216841,-0.00140995191668301,0.0226361370152889,0,0,0,0.0609649156491051,1.67175208702315E-05,-2.93564744407307E-09,2.2145146276606E-07,1.68536380684412E-05,-8.0908881642148E-07,3.53123478818135E-06,0,0,0,0,0,0,../meshes/right_pinkymcp_roll_link.STL,0.698039215686274,0.698039215686274,0.698039215686274,1,0,0,0,0,0,0,../meshes/right_pinkymcp_roll_link.STL,,00_STARK3NRSP_ID_UPGRADE__SK_16-5,right_pinkymcp_roll_link,right_pinkymcp_roll_joint,right_pinkymcp_roll_joint,revolute,0.0018097,-0.00087868,0.015986,0,0,0,right_pinkymcp_yaw_link,0,1,0,0,0,-0.09,1.57,,,,,,,,
right_pinkypip_roll_link,1.0356126448386E-05,-0.00118753062160739,0.0184241191340223,0,0,0,0.0325865369928668,3.96741976189811E-06,-2.53698290815217E-08,2.20518061665746E-07,3.75977582625528E-06,-7.58085207557263E-08,1.77583076069582E-06,0,0,0,0,0,0,../meshes/right_pinkypip_roll_link.STL,0.698039215686274,0.698039215686274,0.698039215686274,1,0,0,0,0,0,0,../meshes/right_pinkypip_roll_link.STL,,00_STARK3NRSP_ID_UPGRADE__SKE_4-5,right_pinkypip_roll_link,right_pinkypip_roll_joint,right_pinkypip_roll_joint,revolute,0.00065326,-0.0028462,0.046918,0,0,0,right_pinkymcp_roll_link,0,1,0,0,0,-0.21,1.57,,,,,,,,
right_pinkydip_roll_link,-0.000558004173511596,-0.000967177796639393,0.0142386171020684,0,0,0,0.00833405877068447,7.73882427309099E-07,-8.31498140737168E-09,-2.73484617254405E-08,6.16195459382536E-07,-5.76484046608535E-09,4.46333580267427E-07,0,0,0,0,0,0,../meshes/right_pinkydip_roll_link.STL,0.698039215686274,0.698039215686274,0.698039215686274,1,0,0,0,0,0,0,../meshes/right_pinkydip_roll_link.STL,,00_STARK3NRSP_ID_UPGRADE__SKE_3-5,right_pinkydip_roll_link,right_pinkydip_roll_joint,right_pinkydip_roll_joint,revolute,0.0012741,-0.0017366,0.029445,0,0,0,right_pinkypip_roll_link,0,1,0,0,0,-0.35,1.57,,,,,,,,
right_pinkydip_roll_rubber_link,0.00376747267201467,-0.00102498835930827,0.0202017962730985,0,0,0,0.00185175378606459,1.03782334403364E-07,-2.22478082616065E-09,-1.08867957178002E-08,5.36393571762164E-08,1.31597575358084E-09,8.51205729323534E-08,0,0,0,0,0,0,../meshes/right_pinkydip_roll_rubber_link.STL,0.698039215686274,0.698039215686274,0.698039215686274,1,0,0,0,0,0,0,../meshes/right_pinkydip_roll_rubber_link.STL,,00_STARK3NRSP_ID_UPGRADE__SKE_3-rubber-5,right_pinkydip_roll_link,right_pinkydip_roll_joint,right_pinkydip_roll_rubber_joint,fixed,0,0,0,0,0,0,right_pinkydip_roll_link,0,0,0,,,,,,,,,,,,
right_pinkypip_roll_touch_link,0.00437780355681355,-0.00074153763099305,0.0162092261465851,0,0,0,0.000509093047515175,4.83622287926044E-08,-1.48797365280522E-09,5.89999576232185E-09,2.86390609789577E-08,1.42759275892898E-09,4.62120374286507E-08,0,0,0,0,0,0,../meshes/right_pinkypip_roll_touch_link.STL,0.698039215686274,0.698039215686274,0.698039215686274,1,0,0,0,0,0,0,../meshes/right_pinkypip_roll_touch_link.STL,,00_STARK3NRSP_ID_UPGRADE__SKE_4 - touch2-5,right_pinkypip_roll_link,right_pinkypip_roll_joint,right_pinkypip_roll_touch_joint,fixed,0,0,0,0,0,0,right_pinkypip_roll_link,0,0,0,,,,,,,,,,,,
right_pinkypip_roll_rubber_link,0.00440888618211183,-0.000696697181283068,0.0155157528654611,0,0,0,0.00120426421114228,1.15637083145253E-07,-3.80601810492953E-09,1.1113523443804E-08,6.14132993310043E-08,4.21375066297114E-09,1.1904714070659E-07,0,0,0,0,0,0,../meshes/right_pinkypip_roll_rubber_link.STL,0.698039215686274,0.698039215686274,0.698039215686274,1,0,0,0,0,0,0,../meshes/right_pinkypip_roll_rubber_link.STL,,00_STARK3NRSP_ID_UPGRADE__SKE_4 -rubber-5,right_pinkypip_roll_link,right_pinkypip_roll_joint,right_pinkypip_roll_rubber_joint,fixed,0,0,0,0,0,0,right_pinkypip_roll_link,0,0,0,,,,,,,,,,,,
right_pinkymcp_roll_touch_link,0.00454428100266577,-0.00130859318720554,0.0255697580852305,0,0,0,0.000906411411363967,1.43237482491371E-07,-2.44346164156436E-09,6.00381085853502E-09,1.0704482954797E-07,-5.38162280857233E-10,9.22221375654152E-08,0,0,0,0,0,0,../meshes/right_pinkymcp_roll_touch_link.STL,0.698039215686274,0.698039215686274,0.698039215686274,1,0,0,0,0,0,0,../meshes/right_pinkymcp_roll_touch_link.STL,,00_STARK3NRSP_ID_UPGRADE__SK_16 - touch2-5,right_pinkymcp_roll_link,right_pinkymcp_roll_joint,right_pinkymcp_roll_touch_joint,fixed,0,0,0,0,0,0,right_pinkymcp_roll_link,0,0,0,,,,,,,,,,,,
right_pinkymcp_roll_rubber_link,0.00466737185771057,-0.00126314845662732,0.0249483202959421,0,0,0,0.00218895353415929,3.32895950014273E-07,-6.22065931263718E-09,9.45739761283993E-09,2.34736406724331E-07,8.93721788907669E-10,2.39693925762865E-07,0,0,0,0,0,0,../meshes/right_pinkymcp_roll_rubber_link.STL,0.698039215686274,0.698039215686274,0.698039215686274,1,0,0,0,0,0,0,../meshes/right_pinkymcp_roll_rubber_link.STL,,00_STARK3NRSP_ID_UPGRADE__SK_16 - rubber-5,right_pinkymcp_roll_link,right_pinkymcp_roll_joint,right_pinkymcp_roll_rubber_joint,fixed,0,0,0,0,0,0,right_pinkymcp_roll_link,0,0,0,,,,,,,,,,,,
